Scenariusz,Numer Klatki,Czas Klatki (ms)
Perspective Volume - 0.0,1,370.8118
Perspective Volume - 0.0,2,370.4591
Perspective Volume - 0.0,3,371.4215
Perspective Volume - 0.0,4,371.1121
Perspective Volume - 0.0,5,371.9135
Perspective Volume - 0.0,6,372.1306
Perspective Volume - 0.0,7,373.5629
Perspective Volume - 0.0,8,371.8477
Perspective Volume - 0.0,9,371.8927
Perspective Volume - 0.0,10,371.3399
Perspective Volume - 0.0,11,386.8083
Perspective Volume - 0.0,12,383.0285
Perspective Volume - 0.0,13,370.4227
Perspective Volume - 0.0,14,371.6003
Perspective Volume - 0.0,15,369.0975
Perspective Volume - 0.0,16,368.9536
Perspective Volume - 0.0,17,371.6781
Perspective Volume - 0.0,18,368.5577
Perspective Volume - 0.0,19,370.0813
Perspective Volume - 0.0,20,370.9415
Perspective Volume - 0.0,21,371.3565
Perspective Volume - 0.0,22,371.2887
Perspective Volume - 0.0,23,368.4954
Perspective Volume - 0.0,24,369.3104
Perspective Volume - 0.0,25,371.9401
Perspective Volume - 0.0,26,370.6556
Perspective Volume - 0.0,27,371.5784
Perspective Volume - 0.0,28,371.1210
Perspective Volume - 0.0,29,369.5937
Perspective Volume - 0.0,30,371.1236
Perspective Volume - 0.0,31,370.8262
Perspective Volume - 0.0,32,371.9911
Perspective Volume - 0.0,33,370.6930
Perspective Volume - 0.0,34,372.0049
Perspective Volume - 0.0,35,372.8503
Perspective Volume - 0.0,36,372.4431
Perspective Volume - 0.0,37,371.3251
Perspective Volume - 0.0,38,370.5024
Perspective Volume - 0.0,39,370.7897
Perspective Volume - 0.0,40,370.1008
Perspective Volume - 0.0,41,371.8938
Perspective Volume - 0.0,42,371.6235
Perspective Volume - 0.0,43,373.5070
Perspective Volume - 0.0,44,371.8214
Perspective Volume - 0.0,45,372.3691
Perspective Volume - 0.0,46,371.3022
Perspective Volume - 0.0,47,376.2320
Perspective Volume - 0.0,48,372.1260
Perspective Volume - 0.0,49,370.3680
Perspective Volume - 0.0,50,371.3414
Perspective Volume - 0.0,51,371.5807
Perspective Volume - 0.0,52,372.1657
Perspective Volume - 0.0,53,371.4651
Perspective Volume - 0.0,54,370.1270
Perspective Volume - 0.0,55,370.3278
Perspective Volume - 0.0,56,371.1856
Perspective Volume - 0.0,57,370.5823
Perspective Volume - 0.0,58,371.7804
Perspective Volume - 0.0,59,369.9859
Perspective Volume - 0.0,60,371.8776
Perspective Volume - 0.0,61,370.8818
Perspective Volume - 0.0,62,373.1556
Perspective Volume - 0.0,63,371.2149
Perspective Volume - 0.0,64,370.1258
Perspective Volume - 0.0,65,372.1461
Perspective Volume - 0.0,66,370.4255
Perspective Volume - 0.0,67,370.8313
Perspective Volume - 0.0,68,370.1782
Perspective Volume - 0.0,69,371.8643
Perspective Volume - 0.0,70,372.3337
Perspective Volume - 0.0,71,371.1553
Perspective Volume - 0.0,72,370.4599
Perspective Volume - 0.0,73,371.9355
Perspective Volume - 0.0,74,370.9401
Perspective Volume - 0.0,75,370.8550
Perspective Volume - 0.0,76,371.9875
Perspective Volume - 0.0,77,370.9777
Perspective Volume - 0.0,78,372.4672
Perspective Volume - 0.0,79,372.2316
Perspective Volume - 0.0,80,369.9967
Perspective Volume - 0.0,81,370.0316
Perspective Volume - 0.0,82,370.9864
Perspective Volume - 0.0,83,370.3487
Perspective Volume - 0.0,84,371.6421
Perspective Volume - 0.0,85,371.8877
Perspective Volume - 0.0,86,371.9908
Perspective Volume - 0.0,87,371.4541
Perspective Volume - 0.0,88,369.4426
Perspective Volume - 0.0,89,371.6419
Perspective Volume - 0.0,90,371.6532
Perspective Volume - 0.0,91,371.0685
Perspective Volume - 0.0,92,369.6867
Perspective Volume - 0.0,93,370.8512
Perspective Volume - 0.0,94,373.1039
Perspective Volume - 0.0,95,373.0863
Perspective Volume - 0.0,96,370.8615
Perspective Volume - 0.0,97,371.4854
Perspective Volume - 0.0,98,370.3613
Perspective Volume - 0.0,99,371.9716
Perspective Volume - 0.0,100,371.9557
Perspective Volume - 0.0,101,370.3978
Perspective Volume - 0.0,102,370.1562
Perspective Volume - 0.0,103,369.3886
Perspective Volume - 0.0,104,369.2075
Perspective Volume - 0.0,105,373.5695
Perspective Volume - 0.0,106,372.0804
Perspective Volume - 0.0,107,372.9285
Perspective Volume - 0.0,108,370.5357
Perspective Volume - 0.0,109,369.7180
Perspective Volume - 0.0,110,371.6573
Perspective Volume - 0.0,111,373.0582
Perspective Volume - 0.0,112,369.0113
Perspective Volume - 0.0,113,371.6078
Perspective Volume - 0.0,114,370.9043
Perspective Volume - 0.0,115,369.6937
Perspective Volume - 0.0,116,370.8915
Perspective Volume - 0.0,117,371.2429
Perspective Volume - 0.0,118,371.3454
Perspective Volume - 0.0,119,372.3516
Perspective Volume - 0.0,120,369.0994
Perspective Volume - 0.0,121,377.8454
Perspective Volume - 0.0,122,372.7881
Perspective Volume - 0.0,123,372.4036
Perspective Volume - 0.0,124,371.6664
Perspective Volume - 0.0,125,372.5673
Perspective Volume - 0.0,126,374.2404
Perspective Volume - 0.0,127,374.1245
Perspective Volume - 0.0,128,374.5044
Perspective Volume - 0.0,129,375.1956
Perspective Volume - 0.0,130,374.0496
Perspective Volume - 0.0,131,372.4193
Perspective Volume - 0.0,132,371.4810
Perspective Volume - 0.0,133,371.6919
Perspective Volume - 0.0,134,374.6845
Perspective Volume - 0.0,135,369.2244
Perspective Volume - 0.0,136,370.6007
Perspective Volume - 0.0,137,372.1398
Perspective Volume - 0.0,138,372.2130
Perspective Volume - 0.0,139,371.2747
Perspective Volume - 0.0,140,371.7603
Perspective Volume - 0.0,141,373.5610
Perspective Volume - 0.0,142,370.0737
Perspective Volume - 0.0,143,370.9684
Perspective Volume - 0.0,144,372.1658
Perspective Volume - 0.0,145,370.9885
Perspective Volume - 0.0,146,371.8865
Perspective Volume - 0.0,147,372.3325
Perspective Volume - 0.0,148,370.9082
Perspective Volume - 0.0,149,371.4623
Perspective Volume - 0.0,150,371.6333
Perspective Volume - 0.0,151,370.8871
Perspective Volume - 0.0,152,369.9207
Perspective Volume - 0.0,153,371.8152
Perspective Volume - 0.0,154,371.8078
Perspective Volume - 0.0,155,373.0340
Perspective Volume - 0.0,156,371.5077
Perspective Volume - 0.0,157,373.4657
Perspective Volume - 0.0,158,370.8898
Perspective Volume - 0.0,159,369.9751
Perspective Volume - 0.0,160,371.7630
Perspective Volume - 0.0,161,369.4351
Perspective Volume - 0.0,162,371.6105
Perspective Volume - 0.0,163,371.6151
Perspective Volume - 0.0,164,371.8676
Perspective Volume - 0.0,165,371.1759
Perspective Volume - 0.0,166,370.5930
Perspective Volume - 0.0,167,372.2375
Perspective Volume - 0.0,168,369.4716
Perspective Volume - 0.0,169,370.5884
Perspective Volume - 0.0,170,369.8278
Perspective Volume - 0.0,171,371.3168
Perspective Volume - 0.0,172,371.8316
Perspective Volume - 0.0,173,371.2617
Perspective Volume - 0.0,174,372.8327
Perspective Volume - 0.0,175,373.3282
Perspective Volume - 0.0,176,389.2970
Perspective Volume - 0.0,177,380.1562
Perspective Volume - 0.0,178,368.6433
Perspective Volume - 0.0,179,371.4307
Perspective Volume - 0.0,180,369.7021
Perspective Volume - 0.0,181,371.6777
Perspective Volume - 0.0,182,371.2680
Perspective Volume - 0.0,183,371.7474
Perspective Volume - 0.0,184,370.5816
Perspective Volume - 0.0,185,369.0454
Perspective Volume - 0.0,186,369.6860
Perspective Volume - 0.0,187,371.2656
Perspective Volume - 0.0,188,370.0746
Perspective Volume - 0.0,189,372.8699
Perspective Volume - 0.0,190,371.1735
Perspective Volume - 0.0,191,371.1029
Perspective Volume - 0.0,192,374.3066
Perspective Volume - 0.0,193,370.2198
Perspective Volume - 0.0,194,370.7962
Perspective Volume - 0.0,195,370.9443
Perspective Volume - 0.0,196,371.4784
Perspective Volume - 0.0,197,369.4502
Perspective Volume - 0.0,198,370.6012
Perspective Volume - 0.0,199,370.2092
Perspective Volume - 0.0,200,369.0685
Perspective Volume - 0.0,201,370.6314
Perspective Volume - 0.0,202,370.5616
Perspective Volume - 0.0,203,370.9884
Perspective Volume - 0.0,204,372.1857
Perspective Volume - 0.0,205,370.2505
Perspective Volume - 0.0,206,368.6078
Perspective Volume - 0.0,207,370.6363
Perspective Volume - 0.0,208,371.5595
Perspective Volume - 0.0,209,370.4957
Perspective Volume - 0.0,210,371.0478
Perspective Volume - 0.0,211,371.7258
Perspective Volume - 0.0,212,370.8996
Perspective Volume - 0.0,213,373.0367
Perspective Volume - 0.0,214,370.7372
Perspective Volume - 0.0,215,372.1824
Perspective Volume - 0.0,216,372.6341
Perspective Volume - 0.0,217,374.5555
Perspective Volume - 0.0,218,370.5527
Perspective Volume - 0.0,219,371.4104
Perspective Volume - 0.0,220,371.2758
Perspective Volume - 0.0,221,370.8127
Perspective Volume - 0.0,222,372.0052
Perspective Volume - 0.0,223,370.5856
Perspective Volume - 0.0,224,372.2979
Perspective Volume - 0.0,225,371.8471
Perspective Volume - 0.0,226,370.8565
Perspective Volume - 0.0,227,372.3569
Perspective Volume - 0.0,228,368.4850
Perspective Volume - 0.0,229,371.8535
Perspective Volume - 0.0,230,371.2052
Perspective Volume - 0.0,231,372.2306
Perspective Volume - 0.0,232,370.8448
Perspective Volume - 0.0,233,373.5732
Perspective Volume - 0.0,234,372.1203
Perspective Volume - 0.0,235,371.1094
Perspective Volume - 0.0,236,370.3333
Perspective Volume - 0.0,237,371.0022
Perspective Volume - 0.0,238,370.3542
Perspective Volume - 0.0,239,372.2335
Perspective Volume - 0.0,240,375.4577
Perspective Volume - 0.0,241,373.0214
Perspective Volume - 0.0,242,371.9972
Perspective Volume - 0.0,243,370.6278
Perspective Volume - 0.0,244,371.0930
Perspective Volume - 0.0,245,370.5445
Perspective Volume - 0.0,246,371.3104
Perspective Volume - 0.0,247,370.2290
Perspective Volume - 0.0,248,372.4039
Perspective Volume - 0.0,249,372.8051
Perspective Volume - 0.0,250,370.8122
Perspective Volume - 0.0,251,372.0574
Perspective Volume - 0.0,252,371.3002
Perspective Volume - 0.0,253,372.0055
Perspective Volume - 0.0,254,370.3928
Perspective Volume - 0.0,255,370.4241
Perspective Volume - 0.0,256,371.3321
Perspective Volume - 0.0,257,371.8657
Perspective Volume - 0.0,258,373.3148
Perspective Volume - 0.0,259,370.6351
Perspective Volume - 0.0,260,371.7001
Perspective Volume - 0.0,261,372.8494
Perspective Volume - 0.0,262,370.9762
Perspective Volume - 0.0,263,370.7898
Perspective Volume - 0.0,264,370.7084
Perspective Volume - 0.0,265,371.9527
Perspective Volume - 0.0,266,370.4963
Perspective Volume - 0.0,267,369.9037
Perspective Volume - 0.0,268,370.0389
Perspective Volume - 0.0,269,370.6707
Perspective Volume - 0.0,270,371.2524
Perspective Volume - 0.0,271,371.0883
Perspective Volume - 0.0,272,370.2626
Perspective Volume - 0.0,273,371.8857
Perspective Volume - 0.0,274,372.9207
Perspective Volume - 0.0,275,372.5978
Perspective Volume - 0.0,276,373.0278
Perspective Volume - 0.0,277,386.0725
Perspective Volume - 0.0,278,381.4280
Perspective Volume - 0.0,279,369.0773
Perspective Volume - 0.0,280,367.3161
Perspective Volume - 0.0,281,370.1406
Perspective Volume - 0.0,282,368.3848
Perspective Volume - 0.0,283,370.1362
Perspective Volume - 0.0,284,370.4067
Perspective Volume - 0.0,285,370.5259
Perspective Volume - 0.0,286,371.2520
Perspective Volume - 0.0,287,370.9333
Perspective Volume - 0.0,288,370.9704
Perspective Volume - 0.0,289,374.6255
Perspective Volume - 0.0,290,368.6607
Perspective Volume - 0.0,291,371.4892
Perspective Volume - 0.0,292,370.0193
Perspective Volume - 0.0,293,373.6388
Perspective Volume - 0.0,294,372.2245
Perspective Volume - 0.0,295,370.2079
Perspective Volume - 0.0,296,371.6786
Perspective Volume - 0.0,297,371.5867
Perspective Volume - 0.0,298,372.8569
Perspective Volume - 0.0,299,371.3086
Perspective Volume - 0.0,300,371.6882
Perspective Volume - 0.25,1,371.3849
Perspective Volume - 0.25,2,372.4700
Perspective Volume - 0.25,3,371.0889
Perspective Volume - 0.25,4,373.1746
Perspective Volume - 0.25,5,372.0974
Perspective Volume - 0.25,6,369.0950
Perspective Volume - 0.25,7,373.8972
Perspective Volume - 0.25,8,370.3619
Perspective Volume - 0.25,9,372.8985
Perspective Volume - 0.25,10,371.5607
Perspective Volume - 0.25,11,370.7396
Perspective Volume - 0.25,12,372.9885
Perspective Volume - 0.25,13,373.0719
Perspective Volume - 0.25,14,386.5678
Perspective Volume - 0.25,15,377.2922
Perspective Volume - 0.25,16,373.3331
Perspective Volume - 0.25,17,372.6063
Perspective Volume - 0.25,18,371.9087
Perspective Volume - 0.25,19,369.8797
Perspective Volume - 0.25,20,371.6518
Perspective Volume - 0.25,21,371.5130
Perspective Volume - 0.25,22,370.2870
Perspective Volume - 0.25,23,369.9800
Perspective Volume - 0.25,24,370.8407
Perspective Volume - 0.25,25,370.2372
Perspective Volume - 0.25,26,370.6935
Perspective Volume - 0.25,27,371.9397
Perspective Volume - 0.25,28,371.1904
Perspective Volume - 0.25,29,370.7062
Perspective Volume - 0.25,30,371.8270
Perspective Volume - 0.25,31,373.2842
Perspective Volume - 0.25,32,372.6046
Perspective Volume - 0.25,33,371.6475
Perspective Volume - 0.25,34,371.8812
Perspective Volume - 0.25,35,372.5390
Perspective Volume - 0.25,36,371.6832
Perspective Volume - 0.25,37,370.1450
Perspective Volume - 0.25,38,371.8171
Perspective Volume - 0.25,39,371.9038
Perspective Volume - 0.25,40,371.4192
Perspective Volume - 0.25,41,369.5361
Perspective Volume - 0.25,42,371.1013
Perspective Volume - 0.25,43,370.0355
Perspective Volume - 0.25,44,372.4408
Perspective Volume - 0.25,45,370.4566
Perspective Volume - 0.25,46,372.7461
Perspective Volume - 0.25,47,372.3182
Perspective Volume - 0.25,48,372.7089
Perspective Volume - 0.25,49,370.6174
Perspective Volume - 0.25,50,372.1991
Perspective Volume - 0.25,51,371.8510
Perspective Volume - 0.25,52,370.0014
Perspective Volume - 0.25,53,371.0930
Perspective Volume - 0.25,54,372.2934
Perspective Volume - 0.25,55,372.2879
Perspective Volume - 0.25,56,372.0631
Perspective Volume - 0.25,57,371.5234
Perspective Volume - 0.25,58,369.9647
Perspective Volume - 0.25,59,370.7583
Perspective Volume - 0.25,60,371.2180
Perspective Volume - 0.25,61,370.1683
Perspective Volume - 0.25,62,369.7453
Perspective Volume - 0.25,63,371.0459
Perspective Volume - 0.25,64,370.1485
Perspective Volume - 0.25,65,370.4703
Perspective Volume - 0.25,66,370.1849
Perspective Volume - 0.25,67,372.6221
Perspective Volume - 0.25,68,370.6059
Perspective Volume - 0.25,69,370.6003
Perspective Volume - 0.25,70,372.7481
Perspective Volume - 0.25,71,372.4999
Perspective Volume - 0.25,72,370.3256
Perspective Volume - 0.25,73,372.2583
Perspective Volume - 0.25,74,369.4221
Perspective Volume - 0.25,75,371.4125
Perspective Volume - 0.25,76,370.3900
Perspective Volume - 0.25,77,370.2494
Perspective Volume - 0.25,78,370.6356
Perspective Volume - 0.25,79,370.1765
Perspective Volume - 0.25,80,372.4091
Perspective Volume - 0.25,81,371.0181
Perspective Volume - 0.25,82,369.1809
Perspective Volume - 0.25,83,371.0455
Perspective Volume - 0.25,84,372.2870
Perspective Volume - 0.25,85,368.9828
Perspective Volume - 0.25,86,375.2457
Perspective Volume - 0.25,87,371.1059
Perspective Volume - 0.25,88,371.5658
Perspective Volume - 0.25,89,369.9460
Perspective Volume - 0.25,90,371.1189
Perspective Volume - 0.25,91,370.0415
Perspective Volume - 0.25,92,371.7929
Perspective Volume - 0.25,93,368.7731
Perspective Volume - 0.25,94,370.3719
Perspective Volume - 0.25,95,372.1435
Perspective Volume - 0.25,96,371.4693
Perspective Volume - 0.25,97,370.1891
Perspective Volume - 0.25,98,371.5540
Perspective Volume - 0.25,99,372.4119
Perspective Volume - 0.25,100,372.0038
Perspective Volume - 0.25,101,371.5627
Perspective Volume - 0.25,102,372.2819
Perspective Volume - 0.25,103,370.4274
Perspective Volume - 0.25,104,371.4338
Perspective Volume - 0.25,105,373.4331
Perspective Volume - 0.25,106,375.1256
Perspective Volume - 0.25,107,374.6547
Perspective Volume - 0.25,108,374.1784
Perspective Volume - 0.25,109,374.4847
Perspective Volume - 0.25,110,374.3122
Perspective Volume - 0.25,111,373.9692
Perspective Volume - 0.25,112,373.0691
Perspective Volume - 0.25,113,373.1018
Perspective Volume - 0.25,114,371.9546
Perspective Volume - 0.25,115,373.6219
Perspective Volume - 0.25,116,372.7333
Perspective Volume - 0.25,117,369.7860
Perspective Volume - 0.25,118,373.3094
Perspective Volume - 0.25,119,370.1182
Perspective Volume - 0.25,120,370.1323
Perspective Volume - 0.25,121,371.9194
Perspective Volume - 0.25,122,370.8579
Perspective Volume - 0.25,123,371.6121
Perspective Volume - 0.25,124,371.5482
Perspective Volume - 0.25,125,371.2370
Perspective Volume - 0.25,126,371.9052
Perspective Volume - 0.25,127,372.9645
Perspective Volume - 0.25,128,377.5988
Perspective Volume - 0.25,129,371.5771
Perspective Volume - 0.25,130,371.9416
Perspective Volume - 0.25,131,371.8699
Perspective Volume - 0.25,132,372.6305
Perspective Volume - 0.25,133,371.8301
Perspective Volume - 0.25,134,370.2038
Perspective Volume - 0.25,135,371.8455
Perspective Volume - 0.25,136,371.3061
Perspective Volume - 0.25,137,371.4659
Perspective Volume - 0.25,138,371.5838
Perspective Volume - 0.25,139,372.5594
Perspective Volume - 0.25,140,371.8143
Perspective Volume - 0.25,141,371.5037
Perspective Volume - 0.25,142,374.3232
Perspective Volume - 0.25,143,371.0723
Perspective Volume - 0.25,144,370.8260
Perspective Volume - 0.25,145,370.9522
Perspective Volume - 0.25,146,371.9555
Perspective Volume - 0.25,147,371.5813
Perspective Volume - 0.25,148,369.5923
Perspective Volume - 0.25,149,372.6330
Perspective Volume - 0.25,150,370.7951
Perspective Volume - 0.25,151,370.3951
Perspective Volume - 0.25,152,371.5392
Perspective Volume - 0.25,153,372.1559
Perspective Volume - 0.25,154,372.4741
Perspective Volume - 0.25,155,371.8355
Perspective Volume - 0.25,156,372.1439
Perspective Volume - 0.25,157,370.2899
Perspective Volume - 0.25,158,370.5367
Perspective Volume - 0.25,159,369.9177
Perspective Volume - 0.25,160,370.7268
Perspective Volume - 0.25,161,372.1258
Perspective Volume - 0.25,162,388.0471
Perspective Volume - 0.25,163,384.6912
Perspective Volume - 0.25,164,370.6956
Perspective Volume - 0.25,165,369.7395
Perspective Volume - 0.25,166,369.1169
Perspective Volume - 0.25,167,370.6563
Perspective Volume - 0.25,168,368.8636
Perspective Volume - 0.25,169,371.7660
Perspective Volume - 0.25,170,370.1202
Perspective Volume - 0.25,171,370.1185
Perspective Volume - 0.25,172,370.9137
Perspective Volume - 0.25,173,370.0023
Perspective Volume - 0.25,174,368.1482
Perspective Volume - 0.25,175,370.2074
Perspective Volume - 0.25,176,370.7127
Perspective Volume - 0.25,177,374.2300
Perspective Volume - 0.25,178,370.2945
Perspective Volume - 0.25,179,370.5994
Perspective Volume - 0.25,180,370.5370
Perspective Volume - 0.25,181,370.5460
Perspective Volume - 0.25,182,369.9948
Perspective Volume - 0.25,183,372.7956
Perspective Volume - 0.25,184,372.2386
Perspective Volume - 0.25,185,370.6504
Perspective Volume - 0.25,186,371.9699
Perspective Volume - 0.25,187,370.9840
Perspective Volume - 0.25,188,370.8135
Perspective Volume - 0.25,189,373.9734
Perspective Volume - 0.25,190,371.0618
Perspective Volume - 0.25,191,372.3802
Perspective Volume - 0.25,192,371.2842
Perspective Volume - 0.25,193,371.3399
Perspective Volume - 0.25,194,370.5759
Perspective Volume - 0.25,195,369.5317
Perspective Volume - 0.25,196,371.8155
Perspective Volume - 0.25,197,371.1605
Perspective Volume - 0.25,198,370.4578
Perspective Volume - 0.25,199,373.7418
Perspective Volume - 0.25,200,371.9528
Perspective Volume - 0.25,201,373.2108
Perspective Volume - 0.25,202,372.5364
Perspective Volume - 0.25,203,372.2633
Perspective Volume - 0.25,204,370.0217
Perspective Volume - 0.25,205,371.5672
Perspective Volume - 0.25,206,371.6146
Perspective Volume - 0.25,207,371.1022
Perspective Volume - 0.25,208,371.3839
Perspective Volume - 0.25,209,371.5914
Perspective Volume - 0.25,210,371.7117
Perspective Volume - 0.25,211,372.8975
Perspective Volume - 0.25,212,373.3849
Perspective Volume - 0.25,213,370.8870
Perspective Volume - 0.25,214,369.7623
Perspective Volume - 0.25,215,367.6612
Perspective Volume - 0.25,216,370.1732
Perspective Volume - 0.25,217,369.3672
Perspective Volume - 0.25,218,368.9223
Perspective Volume - 0.25,219,370.6834
Perspective Volume - 0.25,220,371.7282
Perspective Volume - 0.25,221,371.2563
Perspective Volume - 0.25,222,370.9652
Perspective Volume - 0.25,223,371.6951
Perspective Volume - 0.25,224,369.5313
Perspective Volume - 0.25,225,371.1847
Perspective Volume - 0.25,226,372.2178
Perspective Volume - 0.25,227,371.6059
Perspective Volume - 0.25,228,372.1212
Perspective Volume - 0.25,229,369.5206
Perspective Volume - 0.25,230,371.4900
Perspective Volume - 0.25,231,372.2836
Perspective Volume - 0.25,232,372.2392
Perspective Volume - 0.25,233,371.3453
Perspective Volume - 0.25,234,371.6204
Perspective Volume - 0.25,235,370.2056
Perspective Volume - 0.25,236,370.1432
Perspective Volume - 0.25,237,370.8443
Perspective Volume - 0.25,238,372.5173
Perspective Volume - 0.25,239,370.5906
Perspective Volume - 0.25,240,369.6246
Perspective Volume - 0.25,241,371.3917
Perspective Volume - 0.25,242,371.0674
Perspective Volume - 0.25,243,372.3034
Perspective Volume - 0.25,244,372.5506
Perspective Volume - 0.25,245,370.6010
Perspective Volume - 0.25,246,374.9058
Perspective Volume - 0.25,247,372.0862
Perspective Volume - 0.25,248,372.7676
Perspective Volume - 0.25,249,371.6300
Perspective Volume - 0.25,250,369.8288
Perspective Volume - 0.25,251,370.9738
Perspective Volume - 0.25,252,371.6873
Perspective Volume - 0.25,253,372.0959
Perspective Volume - 0.25,254,372.2180
Perspective Volume - 0.25,255,370.7740
Perspective Volume - 0.25,256,371.6384
Perspective Volume - 0.25,257,370.9960
Perspective Volume - 0.25,258,370.7287
Perspective Volume - 0.25,259,371.4693
Perspective Volume - 0.25,260,370.8491
Perspective Volume - 0.25,261,371.1698
Perspective Volume - 0.25,262,372.3320
Perspective Volume - 0.25,263,371.6472
Perspective Volume - 0.25,264,371.6970
Perspective Volume - 0.25,265,372.1816
Perspective Volume - 0.25,266,371.5207
Perspective Volume - 0.25,267,370.5748
Perspective Volume - 0.25,268,370.3871
Perspective Volume - 0.25,269,371.3557
Perspective Volume - 0.25,270,370.0244
Perspective Volume - 0.25,271,369.8669
Perspective Volume - 0.25,272,370.5840
Perspective Volume - 0.25,273,373.0696
Perspective Volume - 0.25,274,373.0878
Perspective Volume - 0.25,275,371.8015
Perspective Volume - 0.25,276,370.9490
Perspective Volume - 0.25,277,370.5568
Perspective Volume - 0.25,278,372.3800
Perspective Volume - 0.25,279,371.7463
Perspective Volume - 0.25,280,371.9186
Perspective Volume - 0.25,281,373.5230
Perspective Volume - 0.25,282,371.5158
Perspective Volume - 0.25,283,370.6692
Perspective Volume - 0.25,284,371.6260
Perspective Volume - 0.25,285,371.3790
Perspective Volume - 0.25,286,368.7291
Perspective Volume - 0.25,287,372.0941
Perspective Volume - 0.25,288,371.6991
Perspective Volume - 0.25,289,372.3892
Perspective Volume - 0.25,290,371.7665
Perspective Volume - 0.25,291,369.9895
Perspective Volume - 0.25,292,371.1265
Perspective Volume - 0.25,293,371.3978
Perspective Volume - 0.25,294,371.3771
Perspective Volume - 0.25,295,371.9028
Perspective Volume - 0.25,296,372.0327
Perspective Volume - 0.25,297,372.3104
Perspective Volume - 0.25,298,371.2422
Perspective Volume - 0.25,299,372.4719
Perspective Volume - 0.25,300,371.3929
Perspective Volume - 0.5,1,371.8295
Perspective Volume - 0.5,2,371.3371
Perspective Volume - 0.5,3,371.1630
Perspective Volume - 0.5,4,369.7063
Perspective Volume - 0.5,5,370.0606
Perspective Volume - 0.5,6,371.0072
Perspective Volume - 0.5,7,371.4220
Perspective Volume - 0.5,8,370.6035
Perspective Volume - 0.5,9,372.3800
Perspective Volume - 0.5,10,370.4890
Perspective Volume - 0.5,11,371.8844
Perspective Volume - 0.5,12,370.0508
Perspective Volume - 0.5,13,371.0205
Perspective Volume - 0.5,14,370.1783
Perspective Volume - 0.5,15,371.3027
Perspective Volume - 0.5,16,374.8293
Perspective Volume - 0.5,17,371.1399
Perspective Volume - 0.5,18,369.9627
Perspective Volume - 0.5,19,371.6384
Perspective Volume - 0.5,20,371.6123
Perspective Volume - 0.5,21,371.7019
Perspective Volume - 0.5,22,370.4984
Perspective Volume - 0.5,23,372.2330
Perspective Volume - 0.5,24,369.8977
Perspective Volume - 0.5,25,371.4132
Perspective Volume - 0.5,26,372.8799
Perspective Volume - 0.5,27,373.7989
Perspective Volume - 0.5,28,385.1475
Perspective Volume - 0.5,29,380.4189
Perspective Volume - 0.5,30,373.8011
Perspective Volume - 0.5,31,370.8609
Perspective Volume - 0.5,32,374.1895
Perspective Volume - 0.5,33,371.9179
Perspective Volume - 0.5,34,370.8335
Perspective Volume - 0.5,35,369.5951
Perspective Volume - 0.5,36,368.2501
Perspective Volume - 0.5,37,369.4565
Perspective Volume - 0.5,38,370.2936
Perspective Volume - 0.5,39,370.7232
Perspective Volume - 0.5,40,371.4675
Perspective Volume - 0.5,41,371.0114
Perspective Volume - 0.5,42,372.4206
Perspective Volume - 0.5,43,370.5826
Perspective Volume - 0.5,44,371.1912
Perspective Volume - 0.5,45,372.1681
Perspective Volume - 0.5,46,371.7527
Perspective Volume - 0.5,47,370.8440
Perspective Volume - 0.5,48,371.2676
Perspective Volume - 0.5,49,370.4939
Perspective Volume - 0.5,50,372.1027
Perspective Volume - 0.5,51,371.8687
Perspective Volume - 0.5,52,370.5034
Perspective Volume - 0.5,53,369.9117
Perspective Volume - 0.5,54,370.1376
Perspective Volume - 0.5,55,370.9974
Perspective Volume - 0.5,56,371.4912
Perspective Volume - 0.5,57,370.7947
Perspective Volume - 0.5,58,370.5101
Perspective Volume - 0.5,59,372.5371
Perspective Volume - 0.5,60,371.3639
Perspective Volume - 0.5,61,371.3802
Perspective Volume - 0.5,62,370.8293
Perspective Volume - 0.5,63,372.1626
Perspective Volume - 0.5,64,376.5813
Perspective Volume - 0.5,65,371.1233
Perspective Volume - 0.5,66,370.8735
Perspective Volume - 0.5,67,371.2296
Perspective Volume - 0.5,68,371.7758
Perspective Volume - 0.5,69,373.3417
Perspective Volume - 0.5,70,370.5103
Perspective Volume - 0.5,71,373.5305
Perspective Volume - 0.5,72,370.4844
Perspective Volume - 0.5,73,371.0837
Perspective Volume - 0.5,74,370.9464
Perspective Volume - 0.5,75,371.4916
Perspective Volume - 0.5,76,370.7210
Perspective Volume - 0.5,77,371.6299
Perspective Volume - 0.5,78,372.5280
Perspective Volume - 0.5,79,372.5925
Perspective Volume - 0.5,80,371.7328
Perspective Volume - 0.5,81,368.9040
Perspective Volume - 0.5,82,371.4217
Perspective Volume - 0.5,83,370.9138
Perspective Volume - 0.5,84,369.9679
Perspective Volume - 0.5,85,371.5955
Perspective Volume - 0.5,86,371.8369
Perspective Volume - 0.5,87,370.4157
Perspective Volume - 0.5,88,371.6588
Perspective Volume - 0.5,89,374.5087
Perspective Volume - 0.5,90,374.3406
Perspective Volume - 0.5,91,373.9423
Perspective Volume - 0.5,92,374.7514
Perspective Volume - 0.5,93,373.0117
Perspective Volume - 0.5,94,373.0818
Perspective Volume - 0.5,95,373.1865
Perspective Volume - 0.5,96,371.8401
Perspective Volume - 0.5,97,372.7073
Perspective Volume - 0.5,98,373.9217
Perspective Volume - 0.5,99,372.5447
Perspective Volume - 0.5,100,373.2388
Perspective Volume - 0.5,101,371.8744
Perspective Volume - 0.5,102,370.9927
Perspective Volume - 0.5,103,373.6590
Perspective Volume - 0.5,104,371.4119
Perspective Volume - 0.5,105,373.8514
Perspective Volume - 0.5,106,370.7907
Perspective Volume - 0.5,107,371.5007
Perspective Volume - 0.5,108,370.3680
Perspective Volume - 0.5,109,371.3073
Perspective Volume - 0.5,110,370.9385
Perspective Volume - 0.5,111,371.8225
Perspective Volume - 0.5,112,372.8563
Perspective Volume - 0.5,113,373.7323
Perspective Volume - 0.5,114,371.7330
Perspective Volume - 0.5,115,372.2874
Perspective Volume - 0.5,116,371.6079
Perspective Volume - 0.5,117,369.7980
Perspective Volume - 0.5,118,371.0398
Perspective Volume - 0.5,119,371.1633
Perspective Volume - 0.5,120,371.3814
Perspective Volume - 0.5,121,371.5615
Perspective Volume - 0.5,122,371.5178
Perspective Volume - 0.5,123,371.7238
Perspective Volume - 0.5,124,369.2810
Perspective Volume - 0.5,125,369.1932
Perspective Volume - 0.5,126,369.6186
Perspective Volume - 0.5,127,369.5073
Perspective Volume - 0.5,128,370.1665
Perspective Volume - 0.5,129,370.9049
Perspective Volume - 0.5,130,370.4088
Perspective Volume - 0.5,131,370.1726
Perspective Volume - 0.5,132,370.2396
Perspective Volume - 0.5,133,369.6865
Perspective Volume - 0.5,134,371.7234
Perspective Volume - 0.5,135,369.5658
Perspective Volume - 0.5,136,373.5889
Perspective Volume - 0.5,137,371.8506
Perspective Volume - 0.5,138,371.9643
Perspective Volume - 0.5,139,371.6642
Perspective Volume - 0.5,140,371.9259
Perspective Volume - 0.5,141,371.4033
Perspective Volume - 0.5,142,371.6305
Perspective Volume - 0.5,143,372.5534
Perspective Volume - 0.5,144,369.7034
Perspective Volume - 0.5,145,371.7481
Perspective Volume - 0.5,146,371.3020
Perspective Volume - 0.5,147,371.9124
Perspective Volume - 0.5,148,370.2474
Perspective Volume - 0.5,149,370.6229
Perspective Volume - 0.5,150,369.7336
Perspective Volume - 0.5,151,371.8311
Perspective Volume - 0.5,152,371.0249
Perspective Volume - 0.5,153,370.3770
Perspective Volume - 0.5,154,371.8873
Perspective Volume - 0.5,155,370.1171
Perspective Volume - 0.5,156,372.2635
Perspective Volume - 0.5,157,371.7891
Perspective Volume - 0.5,158,372.1599
Perspective Volume - 0.5,159,371.2756
Perspective Volume - 0.5,160,371.6995
Perspective Volume - 0.5,161,375.8589
Perspective Volume - 0.5,162,371.1274
Perspective Volume - 0.5,163,370.2377
Perspective Volume - 0.5,164,370.4607
Perspective Volume - 0.5,165,370.5676
Perspective Volume - 0.5,166,373.3334
Perspective Volume - 0.5,167,371.3182
Perspective Volume - 0.5,168,372.0171
Perspective Volume - 0.5,169,372.7411
Perspective Volume - 0.5,170,370.6557
Perspective Volume - 0.5,171,371.7022
Perspective Volume - 0.5,172,371.8311
Perspective Volume - 0.5,173,372.0680
Perspective Volume - 0.5,174,371.6949
Perspective Volume - 0.5,175,370.6178
Perspective Volume - 0.5,176,371.6288
Perspective Volume - 0.5,177,372.2084
Perspective Volume - 0.5,178,370.9749
Perspective Volume - 0.5,179,371.5150
Perspective Volume - 0.5,180,371.8497
Perspective Volume - 0.5,181,372.0622
Perspective Volume - 0.5,182,371.2670
Perspective Volume - 0.5,183,370.4057
Perspective Volume - 0.5,184,371.8194
Perspective Volume - 0.5,185,371.7592
Perspective Volume - 0.5,186,372.3682
Perspective Volume - 0.5,187,385.5066
Perspective Volume - 0.5,188,378.2061
Perspective Volume - 0.5,189,376.2168
Perspective Volume - 0.5,190,372.6846
Perspective Volume - 0.5,191,370.7562
Perspective Volume - 0.5,192,371.8199
Perspective Volume - 0.5,193,372.6924
Perspective Volume - 0.5,194,371.7063
Perspective Volume - 0.5,195,369.9049
Perspective Volume - 0.5,196,369.6609
Perspective Volume - 0.5,197,370.8163
Perspective Volume - 0.5,198,370.2094
Perspective Volume - 0.5,199,368.7435
Perspective Volume - 0.5,200,371.2588
Perspective Volume - 0.5,201,369.7574
Perspective Volume - 0.5,202,372.7097
Perspective Volume - 0.5,203,372.9574
Perspective Volume - 0.5,204,370.0166
Perspective Volume - 0.5,205,368.1563
Perspective Volume - 0.5,206,372.9184
Perspective Volume - 0.5,207,370.2866
Perspective Volume - 0.5,208,371.8427
Perspective Volume - 0.5,209,370.4501
Perspective Volume - 0.5,210,374.5593
Perspective Volume - 0.5,211,373.4207
Perspective Volume - 0.5,212,371.2742
Perspective Volume - 0.5,213,372.4310
Perspective Volume - 0.5,214,371.7586
Perspective Volume - 0.5,215,370.8649
Perspective Volume - 0.5,216,371.9125
Perspective Volume - 0.5,217,371.0565
Perspective Volume - 0.5,218,370.6196
Perspective Volume - 0.5,219,370.3010
Perspective Volume - 0.5,220,372.0331
Perspective Volume - 0.5,221,371.6385
Perspective Volume - 0.5,222,370.8768
Perspective Volume - 0.5,223,371.0769
Perspective Volume - 0.5,224,371.6215
Perspective Volume - 0.5,225,372.1699
Perspective Volume - 0.5,226,369.5023
Perspective Volume - 0.5,227,370.5375
Perspective Volume - 0.5,228,368.7997
Perspective Volume - 0.5,229,372.9525
Perspective Volume - 0.5,230,372.2777
Perspective Volume - 0.5,231,370.6302
Perspective Volume - 0.5,232,371.6415
Perspective Volume - 0.5,233,370.4940
Perspective Volume - 0.5,234,370.8837
Perspective Volume - 0.5,235,370.5033
Perspective Volume - 0.5,236,371.1888
Perspective Volume - 0.5,237,371.0092
Perspective Volume - 0.5,238,371.7457
Perspective Volume - 0.5,239,370.5627
Perspective Volume - 0.5,240,371.1474
Perspective Volume - 0.5,241,370.5837
Perspective Volume - 0.5,242,370.9600
Perspective Volume - 0.5,243,373.5485
Perspective Volume - 0.5,244,370.2772
Perspective Volume - 0.5,245,371.3357
Perspective Volume - 0.5,246,371.7892
Perspective Volume - 0.5,247,373.9599
Perspective Volume - 0.5,248,370.3152
Perspective Volume - 0.5,249,370.4821
Perspective Volume - 0.5,250,370.4990
Perspective Volume - 0.5,251,371.2979
Perspective Volume - 0.5,252,374.5474
Perspective Volume - 0.5,253,369.6286
Perspective Volume - 0.5,254,371.3134
Perspective Volume - 0.5,255,370.6539
Perspective Volume - 0.5,256,370.3722
Perspective Volume - 0.5,257,370.6980
Perspective Volume - 0.5,258,376.3688
Perspective Volume - 0.5,259,371.8609
Perspective Volume - 0.5,260,372.6651
Perspective Volume - 0.5,261,374.2919
Perspective Volume - 0.5,262,372.5126
Perspective Volume - 0.5,263,373.0488
Perspective Volume - 0.5,264,372.4644
Perspective Volume - 0.5,265,370.6816
Perspective Volume - 0.5,266,370.2274
Perspective Volume - 0.5,267,370.1591
Perspective Volume - 0.5,268,371.9212
Perspective Volume - 0.5,269,371.5410
Perspective Volume - 0.5,270,370.8490
Perspective Volume - 0.5,271,370.7128
Perspective Volume - 0.5,272,369.1156
Perspective Volume - 0.5,273,371.3763
Perspective Volume - 0.5,274,370.6786
Perspective Volume - 0.5,275,373.0552
Perspective Volume - 0.5,276,369.9427
Perspective Volume - 0.5,277,372.0424
Perspective Volume - 0.5,278,370.9665
Perspective Volume - 0.5,279,371.5853
Perspective Volume - 0.5,280,369.9756
Perspective Volume - 0.5,281,370.7637
Perspective Volume - 0.5,282,370.3463
Perspective Volume - 0.5,283,371.0571
Perspective Volume - 0.5,284,370.6982
Perspective Volume - 0.5,285,371.2022
Perspective Volume - 0.5,286,371.2848
Perspective Volume - 0.5,287,372.6925
Perspective Volume - 0.5,288,370.6332
Perspective Volume - 0.5,289,369.6549
Perspective Volume - 0.5,290,373.7196
Perspective Volume - 0.5,291,373.1251
Perspective Volume - 0.5,292,370.8654
Perspective Volume - 0.5,293,372.5032
Perspective Volume - 0.5,294,370.0770
Perspective Volume - 0.5,295,371.1952
Perspective Volume - 0.5,296,371.1186
Perspective Volume - 0.5,297,370.7305
Perspective Volume - 0.5,298,371.6219
Perspective Volume - 0.5,299,370.1388
Perspective Volume - 0.5,300,371.3538
Perspective Volume - 1.0,1,369.9753
Perspective Volume - 1.0,2,369.8061
Perspective Volume - 1.0,3,373.4723
Perspective Volume - 1.0,4,370.9526
Perspective Volume - 1.0,5,370.5418
Perspective Volume - 1.0,6,369.9796
Perspective Volume - 1.0,7,369.7293
Perspective Volume - 1.0,8,372.0607
Perspective Volume - 1.0,9,372.0146
Perspective Volume - 1.0,10,373.2401
Perspective Volume - 1.0,11,371.6207
Perspective Volume - 1.0,12,370.3414
Perspective Volume - 1.0,13,371.6389
Perspective Volume - 1.0,14,370.5643
Perspective Volume - 1.0,15,372.1221
Perspective Volume - 1.0,16,370.6605
Perspective Volume - 1.0,17,371.2039
Perspective Volume - 1.0,18,369.7734
Perspective Volume - 1.0,19,369.8236
Perspective Volume - 1.0,20,371.6345
Perspective Volume - 1.0,21,370.4772
Perspective Volume - 1.0,22,371.2136
Perspective Volume - 1.0,23,374.3318
Perspective Volume - 1.0,24,371.9959
Perspective Volume - 1.0,25,370.3566
Perspective Volume - 1.0,26,369.4742
Perspective Volume - 1.0,27,372.6312
Perspective Volume - 1.0,28,371.6642
Perspective Volume - 1.0,29,370.4158
Perspective Volume - 1.0,30,371.2424
Perspective Volume - 1.0,31,370.0284
Perspective Volume - 1.0,32,371.3569
Perspective Volume - 1.0,33,371.0467
Perspective Volume - 1.0,34,370.1116
Perspective Volume - 1.0,35,371.3698
Perspective Volume - 1.0,36,370.5591
Perspective Volume - 1.0,37,370.6182
Perspective Volume - 1.0,38,371.8265
Perspective Volume - 1.0,39,371.5005
Perspective Volume - 1.0,40,370.4527
Perspective Volume - 1.0,41,372.8082
Perspective Volume - 1.0,42,371.7664
Perspective Volume - 1.0,43,371.0668
Perspective Volume - 1.0,44,371.3056
Perspective Volume - 1.0,45,371.5116
Perspective Volume - 1.0,46,370.5581
Perspective Volume - 1.0,47,371.7755
Perspective Volume - 1.0,48,374.0498
Perspective Volume - 1.0,49,373.4180
Perspective Volume - 1.0,50,370.9427
Perspective Volume - 1.0,51,371.2583
Perspective Volume - 1.0,52,370.3084
Perspective Volume - 1.0,53,371.5468
Perspective Volume - 1.0,54,371.8134
Perspective Volume - 1.0,55,370.0294
Perspective Volume - 1.0,56,370.8812
Perspective Volume - 1.0,57,369.6275
Perspective Volume - 1.0,58,373.0557
Perspective Volume - 1.0,59,371.8415
Perspective Volume - 1.0,60,371.3026
Perspective Volume - 1.0,61,373.0723
Perspective Volume - 1.0,62,369.1021
Perspective Volume - 1.0,63,370.1148
Perspective Volume - 1.0,64,370.8987
Perspective Volume - 1.0,65,371.4462
Perspective Volume - 1.0,66,371.4182
Perspective Volume - 1.0,67,370.0862
Perspective Volume - 1.0,68,372.3676
Perspective Volume - 1.0,69,369.4807
Perspective Volume - 1.0,70,370.9535
Perspective Volume - 1.0,71,371.7224
Perspective Volume - 1.0,72,372.4068
Perspective Volume - 1.0,73,372.9484
Perspective Volume - 1.0,74,386.8697
Perspective Volume - 1.0,75,384.2866
Perspective Volume - 1.0,76,372.7041
Perspective Volume - 1.0,77,372.0541
Perspective Volume - 1.0,78,373.3840
Perspective Volume - 1.0,79,373.1853
Perspective Volume - 1.0,80,375.2922
Perspective Volume - 1.0,81,375.2280
Perspective Volume - 1.0,82,376.0719
Perspective Volume - 1.0,83,376.0591
Perspective Volume - 1.0,84,375.5013
Perspective Volume - 1.0,85,374.8835
Perspective Volume - 1.0,86,373.6678
Perspective Volume - 1.0,87,368.8438
Perspective Volume - 1.0,88,370.9350
Perspective Volume - 1.0,89,369.7806
Perspective Volume - 1.0,90,367.8182
Perspective Volume - 1.0,91,372.1802
Perspective Volume - 1.0,92,372.4868
Perspective Volume - 1.0,93,373.6794
Perspective Volume - 1.0,94,371.7623
Perspective Volume - 1.0,95,372.0298
Perspective Volume - 1.0,96,373.5177
Perspective Volume - 1.0,97,369.8466
Perspective Volume - 1.0,98,369.5610
Perspective Volume - 1.0,99,372.7435
Perspective Volume - 1.0,100,370.4025
Perspective Volume - 1.0,101,372.3844
Perspective Volume - 1.0,102,371.5843
Perspective Volume - 1.0,103,369.9146
Perspective Volume - 1.0,104,371.6116
Perspective Volume - 1.0,105,371.6278
Perspective Volume - 1.0,106,370.1896
Perspective Volume - 1.0,107,371.9750
Perspective Volume - 1.0,108,371.1991
Perspective Volume - 1.0,109,370.6061
Perspective Volume - 1.0,110,371.5977
Perspective Volume - 1.0,111,369.7115
Perspective Volume - 1.0,112,373.3000
Perspective Volume - 1.0,113,371.7027
Perspective Volume - 1.0,114,370.3877
Perspective Volume - 1.0,115,371.8486
Perspective Volume - 1.0,116,372.0615
Perspective Volume - 1.0,117,369.4625
Perspective Volume - 1.0,118,373.3590
Perspective Volume - 1.0,119,371.5068
Perspective Volume - 1.0,120,369.6045
Perspective Volume - 1.0,121,371.5412
Perspective Volume - 1.0,122,370.0775
Perspective Volume - 1.0,123,371.2941
Perspective Volume - 1.0,124,372.7829
Perspective Volume - 1.0,125,371.5306
Perspective Volume - 1.0,126,372.1109
Perspective Volume - 1.0,127,370.8670
Perspective Volume - 1.0,128,371.2807
Perspective Volume - 1.0,129,370.7368
Perspective Volume - 1.0,130,371.8171
Perspective Volume - 1.0,131,369.8201
Perspective Volume - 1.0,132,371.7470
Perspective Volume - 1.0,133,369.7227
Perspective Volume - 1.0,134,369.7351
Perspective Volume - 1.0,135,374.4962
Perspective Volume - 1.0,136,368.9580
Perspective Volume - 1.0,137,370.1689
Perspective Volume - 1.0,138,371.6252
Perspective Volume - 1.0,139,371.8391
Perspective Volume - 1.0,140,372.2772
Perspective Volume - 1.0,141,371.1736
Perspective Volume - 1.0,142,371.4407
Perspective Volume - 1.0,143,371.6161
Perspective Volume - 1.0,144,370.4765
Perspective Volume - 1.0,145,372.8236
Perspective Volume - 1.0,146,371.0282
Perspective Volume - 1.0,147,371.3192
Perspective Volume - 1.0,148,372.2557
Perspective Volume - 1.0,149,369.6059
Perspective Volume - 1.0,150,371.6008
Perspective Volume - 1.0,151,370.5564
Perspective Volume - 1.0,152,371.3090
Perspective Volume - 1.0,153,372.0459
Perspective Volume - 1.0,154,369.9965
Perspective Volume - 1.0,155,371.6818
Perspective Volume - 1.0,156,371.8791
Perspective Volume - 1.0,157,371.1193
Perspective Volume - 1.0,158,372.4894
Perspective Volume - 1.0,159,372.9316
Perspective Volume - 1.0,160,369.8980
Perspective Volume - 1.0,161,371.1729
Perspective Volume - 1.0,162,369.8189
Perspective Volume - 1.0,163,372.3360
Perspective Volume - 1.0,164,371.7875
Perspective Volume - 1.0,165,369.8712
Perspective Volume - 1.0,166,371.0472
Perspective Volume - 1.0,167,372.7763
Perspective Volume - 1.0,168,370.8713
Perspective Volume - 1.0,169,372.2054
Perspective Volume - 1.0,170,372.8601
Perspective Volume - 1.0,171,372.3658
Perspective Volume - 1.0,172,369.2247
Perspective Volume - 1.0,173,367.9098
Perspective Volume - 1.0,174,370.7527
Perspective Volume - 1.0,175,368.6498
Perspective Volume - 1.0,176,370.6731
Perspective Volume - 1.0,177,371.8186
Perspective Volume - 1.0,178,369.1893
Perspective Volume - 1.0,179,374.0321
Perspective Volume - 1.0,180,369.4546
Perspective Volume - 1.0,181,367.7605
Perspective Volume - 1.0,182,371.5946
Perspective Volume - 1.0,183,371.1055
Perspective Volume - 1.0,184,371.2567
Perspective Volume - 1.0,185,370.3422
Perspective Volume - 1.0,186,370.9724
Perspective Volume - 1.0,187,371.7834
Perspective Volume - 1.0,188,373.1084
Perspective Volume - 1.0,189,373.4065
Perspective Volume - 1.0,190,371.5108
Perspective Volume - 1.0,191,371.7321
Perspective Volume - 1.0,192,376.0965
Perspective Volume - 1.0,193,371.7618
Perspective Volume - 1.0,194,373.0344
Perspective Volume - 1.0,195,371.0919
Perspective Volume - 1.0,196,371.9128
Perspective Volume - 1.0,197,371.7906
Perspective Volume - 1.0,198,373.2468
Perspective Volume - 1.0,199,369.5790
Perspective Volume - 1.0,200,371.6860
Perspective Volume - 1.0,201,371.6202
Perspective Volume - 1.0,202,370.6683
Perspective Volume - 1.0,203,370.8069
Perspective Volume - 1.0,204,371.7120
Perspective Volume - 1.0,205,372.0700
Perspective Volume - 1.0,206,371.2087
Perspective Volume - 1.0,207,371.2330
Perspective Volume - 1.0,208,371.5479
Perspective Volume - 1.0,209,370.2700
Perspective Volume - 1.0,210,371.4219
Perspective Volume - 1.0,211,371.1160
Perspective Volume - 1.0,212,371.6194
Perspective Volume - 1.0,213,369.9003
Perspective Volume - 1.0,214,370.3499
Perspective Volume - 1.0,215,370.7012
Perspective Volume - 1.0,216,372.8432
Perspective Volume - 1.0,217,372.1947
Perspective Volume - 1.0,218,369.2015
Perspective Volume - 1.0,219,370.1381
Perspective Volume - 1.0,220,371.8133
Perspective Volume - 1.0,221,370.9033
Perspective Volume - 1.0,222,371.5533
Perspective Volume - 1.0,223,371.9675
Perspective Volume - 1.0,224,370.7357
Perspective Volume - 1.0,225,371.3001
Perspective Volume - 1.0,226,371.3231
Perspective Volume - 1.0,227,370.2073
Perspective Volume - 1.0,228,370.7727
Perspective Volume - 1.0,229,370.0917
Perspective Volume - 1.0,230,371.6832
Perspective Volume - 1.0,231,371.6651
Perspective Volume - 1.0,232,372.3235
Perspective Volume - 1.0,233,370.8930
Perspective Volume - 1.0,234,386.5744
Perspective Volume - 1.0,235,380.2087
Perspective Volume - 1.0,236,371.7697
Perspective Volume - 1.0,237,371.2733
Perspective Volume - 1.0,238,371.8266
Perspective Volume - 1.0,239,371.6907
Perspective Volume - 1.0,240,369.8886
Perspective Volume - 1.0,241,372.4915
Perspective Volume - 1.0,242,370.0982
Perspective Volume - 1.0,243,371.0945
Perspective Volume - 1.0,244,370.2766
Perspective Volume - 1.0,245,374.4465
Perspective Volume - 1.0,246,369.9382
Perspective Volume - 1.0,247,372.0022
Perspective Volume - 1.0,248,370.6367
Perspective Volume - 1.0,249,370.2062
Perspective Volume - 1.0,250,371.6701
Perspective Volume - 1.0,251,372.1868
Perspective Volume - 1.0,252,372.5800
Perspective Volume - 1.0,253,372.7871
Perspective Volume - 1.0,254,370.7660
Perspective Volume - 1.0,255,372.0045
Perspective Volume - 1.0,256,369.1341
Perspective Volume - 1.0,257,371.5674
Perspective Volume - 1.0,258,372.5909
Perspective Volume - 1.0,259,372.2708
Perspective Volume - 1.0,260,373.5022
Perspective Volume - 1.0,261,370.4908
Perspective Volume - 1.0,262,367.8213
Perspective Volume - 1.0,263,372.0387
Perspective Volume - 1.0,264,368.3762
Perspective Volume - 1.0,265,370.5270
Perspective Volume - 1.0,266,373.0347
Perspective Volume - 1.0,267,371.4522
Perspective Volume - 1.0,268,371.6967
Perspective Volume - 1.0,269,371.1498
Perspective Volume - 1.0,270,368.3686
Perspective Volume - 1.0,271,371.9864
Perspective Volume - 1.0,272,371.8939
Perspective Volume - 1.0,273,372.1229
Perspective Volume - 1.0,274,372.3355
Perspective Volume - 1.0,275,370.3864
Perspective Volume - 1.0,276,371.1170
Perspective Volume - 1.0,277,371.2934
Perspective Volume - 1.0,278,370.8814
Perspective Volume - 1.0,279,369.9809
Perspective Volume - 1.0,280,370.6820
Perspective Volume - 1.0,281,372.0062
Perspective Volume - 1.0,282,372.8292
Perspective Volume - 1.0,283,371.0185
Perspective Volume - 1.0,284,369.9441
Perspective Volume - 1.0,285,372.1609
Perspective Volume - 1.0,286,369.9956
Perspective Volume - 1.0,287,369.8558
Perspective Volume - 1.0,288,370.3350
Perspective Volume - 1.0,289,375.3571
Perspective Volume - 1.0,290,373.5388
Perspective Volume - 1.0,291,370.2915
Perspective Volume - 1.0,292,373.4264
Perspective Volume - 1.0,293,370.9723
Perspective Volume - 1.0,294,371.1228
Perspective Volume - 1.0,295,370.6002
Perspective Volume - 1.0,296,371.0828
Perspective Volume - 1.0,297,370.4867
Perspective Volume - 1.0,298,371.7362
Perspective Volume - 1.0,299,372.1426
Perspective Volume - 1.0,300,369.6839
Perspective Volume - 2.0,1,371.3540
Perspective Volume - 2.0,2,371.3476
Perspective Volume - 2.0,3,369.6893
Perspective Volume - 2.0,4,370.3588
Perspective Volume - 2.0,5,372.6908
Perspective Volume - 2.0,6,370.5617
Perspective Volume - 2.0,7,370.8296
Perspective Volume - 2.0,8,370.8883
Perspective Volume - 2.0,9,371.2231
Perspective Volume - 2.0,10,370.7553
Perspective Volume - 2.0,11,370.0806
Perspective Volume - 2.0,12,370.6080
Perspective Volume - 2.0,13,369.4641
Perspective Volume - 2.0,14,368.5939
Perspective Volume - 2.0,15,368.8522
Perspective Volume - 2.0,16,372.3362
Perspective Volume - 2.0,17,369.7650
Perspective Volume - 2.0,18,370.7640
Perspective Volume - 2.0,19,370.9778
Perspective Volume - 2.0,20,368.4135
Perspective Volume - 2.0,21,368.9805
Perspective Volume - 2.0,22,370.2854
Perspective Volume - 2.0,23,369.2662
Perspective Volume - 2.0,24,372.0177
Perspective Volume - 2.0,25,373.0017
Perspective Volume - 2.0,26,371.0806
Perspective Volume - 2.0,27,371.0259
Perspective Volume - 2.0,28,369.1623
Perspective Volume - 2.0,29,367.4877
Perspective Volume - 2.0,30,375.7945
Perspective Volume - 2.0,31,369.8116
Perspective Volume - 2.0,32,372.0931
Perspective Volume - 2.0,33,370.7828
Perspective Volume - 2.0,34,371.5541
Perspective Volume - 2.0,35,369.9649
Perspective Volume - 2.0,36,371.3313
Perspective Volume - 2.0,37,371.5098
Perspective Volume - 2.0,38,371.7088
Perspective Volume - 2.0,39,370.2233
Perspective Volume - 2.0,40,371.9625
Perspective Volume - 2.0,41,371.2715
Perspective Volume - 2.0,42,370.2674
Perspective Volume - 2.0,43,371.8767
Perspective Volume - 2.0,44,369.6553
Perspective Volume - 2.0,45,370.2703
Perspective Volume - 2.0,46,370.6531
Perspective Volume - 2.0,47,371.1146
Perspective Volume - 2.0,48,370.7196
Perspective Volume - 2.0,49,372.0190
Perspective Volume - 2.0,50,374.6627
Perspective Volume - 2.0,51,371.0992
Perspective Volume - 2.0,52,370.8884
Perspective Volume - 2.0,53,370.7783
Perspective Volume - 2.0,54,371.7088
Perspective Volume - 2.0,55,371.8365
Perspective Volume - 2.0,56,372.4526
Perspective Volume - 2.0,57,370.3366
Perspective Volume - 2.0,58,375.1521
Perspective Volume - 2.0,59,376.1480
Perspective Volume - 2.0,60,372.5697
Perspective Volume - 2.0,61,373.1594
Perspective Volume - 2.0,62,374.3709
Perspective Volume - 2.0,63,373.4890
Perspective Volume - 2.0,64,372.0511
Perspective Volume - 2.0,65,373.1106
Perspective Volume - 2.0,66,372.5647
Perspective Volume - 2.0,67,372.5572
Perspective Volume - 2.0,68,373.4184
Perspective Volume - 2.0,69,373.4314
Perspective Volume - 2.0,70,371.2024
Perspective Volume - 2.0,71,371.3824
Perspective Volume - 2.0,72,372.8609
Perspective Volume - 2.0,73,371.4973
Perspective Volume - 2.0,74,371.0627
Perspective Volume - 2.0,75,372.1147
Perspective Volume - 2.0,76,369.5142
Perspective Volume - 2.0,77,370.7441
Perspective Volume - 2.0,78,374.1469
Perspective Volume - 2.0,79,372.6042
Perspective Volume - 2.0,80,371.3347
Perspective Volume - 2.0,81,370.3937
Perspective Volume - 2.0,82,369.6707
Perspective Volume - 2.0,83,372.9367
Perspective Volume - 2.0,84,370.3167
Perspective Volume - 2.0,85,371.3054
Perspective Volume - 2.0,86,370.2846
Perspective Volume - 2.0,87,370.9409
Perspective Volume - 2.0,88,373.0886
Perspective Volume - 2.0,89,372.3615
Perspective Volume - 2.0,90,372.4959
Perspective Volume - 2.0,91,370.8713
Perspective Volume - 2.0,92,369.5150
Perspective Volume - 2.0,93,371.6556
Perspective Volume - 2.0,94,370.8255
Perspective Volume - 2.0,95,371.2940
Perspective Volume - 2.0,96,372.1774
Perspective Volume - 2.0,97,371.1336
Perspective Volume - 2.0,98,372.4809
Perspective Volume - 2.0,99,374.0330
Perspective Volume - 2.0,100,370.5725
Perspective Volume - 2.0,101,372.2389
Perspective Volume - 2.0,102,369.8685
Perspective Volume - 2.0,103,372.6407
Perspective Volume - 2.0,104,371.0733
Perspective Volume - 2.0,105,371.1716
Perspective Volume - 2.0,106,373.3157
Perspective Volume - 2.0,107,383.6180
Perspective Volume - 2.0,108,380.4572
Perspective Volume - 2.0,109,372.6683
Perspective Volume - 2.0,110,371.7363
Perspective Volume - 2.0,111,369.9472
Perspective Volume - 2.0,112,371.8745
Perspective Volume - 2.0,113,371.0058
Perspective Volume - 2.0,114,371.2188
Perspective Volume - 2.0,115,372.4328
Perspective Volume - 2.0,116,371.6880
Perspective Volume - 2.0,117,372.8935
Perspective Volume - 2.0,118,372.5178
Perspective Volume - 2.0,119,370.7389
Perspective Volume - 2.0,120,370.8463
Perspective Volume - 2.0,121,370.6677
Perspective Volume - 2.0,122,370.8110
Perspective Volume - 2.0,123,371.2357
Perspective Volume - 2.0,124,370.3211
Perspective Volume - 2.0,125,370.5656
Perspective Volume - 2.0,126,371.9058
Perspective Volume - 2.0,127,375.3104
Perspective Volume - 2.0,128,372.1266
Perspective Volume - 2.0,129,372.0507
Perspective Volume - 2.0,130,371.9719
Perspective Volume - 2.0,131,370.3821
Perspective Volume - 2.0,132,370.1689
Perspective Volume - 2.0,133,371.5439
Perspective Volume - 2.0,134,371.2237
Perspective Volume - 2.0,135,371.4826
Perspective Volume - 2.0,136,371.9971
Perspective Volume - 2.0,137,370.2962
Perspective Volume - 2.0,138,371.9689
Perspective Volume - 2.0,139,370.3742
Perspective Volume - 2.0,140,371.4995
Perspective Volume - 2.0,141,370.8154
Perspective Volume - 2.0,142,369.9033
Perspective Volume - 2.0,143,370.1922
Perspective Volume - 2.0,144,371.1077
Perspective Volume - 2.0,145,371.4796
Perspective Volume - 2.0,146,372.3084
Perspective Volume - 2.0,147,371.4930
Perspective Volume - 2.0,148,371.1958
Perspective Volume - 2.0,149,369.9612
Perspective Volume - 2.0,150,371.7504
Perspective Volume - 2.0,151,370.7210
Perspective Volume - 2.0,152,371.3999
Perspective Volume - 2.0,153,371.1032
Perspective Volume - 2.0,154,372.1259
Perspective Volume - 2.0,155,370.5385
Perspective Volume - 2.0,156,371.7400
Perspective Volume - 2.0,157,370.2778
Perspective Volume - 2.0,158,373.3277
Perspective Volume - 2.0,159,370.0161
Perspective Volume - 2.0,160,370.2355
Perspective Volume - 2.0,161,371.1905
Perspective Volume - 2.0,162,369.0901
Perspective Volume - 2.0,163,372.3900
Perspective Volume - 2.0,164,370.7416
Perspective Volume - 2.0,165,369.8905
Perspective Volume - 2.0,166,370.9227
Perspective Volume - 2.0,167,371.4232
Perspective Volume - 2.0,168,370.4975
Perspective Volume - 2.0,169,372.4603
Perspective Volume - 2.0,170,371.7823
Perspective Volume - 2.0,171,370.4529
Perspective Volume - 2.0,172,372.8127
Perspective Volume - 2.0,173,370.3097
Perspective Volume - 2.0,174,369.7704
Perspective Volume - 2.0,175,372.7839
Perspective Volume - 2.0,176,374.1264
Perspective Volume - 2.0,177,371.9015
Perspective Volume - 2.0,178,370.6688
Perspective Volume - 2.0,179,372.0074
Perspective Volume - 2.0,180,371.2235
Perspective Volume - 2.0,181,372.1283
Perspective Volume - 2.0,182,371.6261
Perspective Volume - 2.0,183,370.3178
Perspective Volume - 2.0,184,368.6919
Perspective Volume - 2.0,185,372.8120
Perspective Volume - 2.0,186,371.0732
Perspective Volume - 2.0,187,371.4251
Perspective Volume - 2.0,188,372.0795
Perspective Volume - 2.0,189,373.0664
Perspective Volume - 2.0,190,370.9811
Perspective Volume - 2.0,191,369.9168
Perspective Volume - 2.0,192,375.9719
Perspective Volume - 2.0,193,374.5044
Perspective Volume - 2.0,194,373.6290
Perspective Volume - 2.0,195,372.1427
Perspective Volume - 2.0,196,372.2251
Perspective Volume - 2.0,197,373.3153
Perspective Volume - 2.0,198,371.2414
Perspective Volume - 2.0,199,371.9641
Perspective Volume - 2.0,200,371.4093
Perspective Volume - 2.0,201,373.0123
Perspective Volume - 2.0,202,371.5926
Perspective Volume - 2.0,203,371.8508
Perspective Volume - 2.0,204,370.6015
Perspective Volume - 2.0,205,372.3348
Perspective Volume - 2.0,206,371.7178
Perspective Volume - 2.0,207,372.9722
Perspective Volume - 2.0,208,370.6868
Perspective Volume - 2.0,209,370.5724
Perspective Volume - 2.0,210,370.5696
Perspective Volume - 2.0,211,370.9653
Perspective Volume - 2.0,212,371.7039
Perspective Volume - 2.0,213,371.7170
Perspective Volume - 2.0,214,372.1616
Perspective Volume - 2.0,215,372.5394
Perspective Volume - 2.0,216,372.9679
Perspective Volume - 2.0,217,371.2348
Perspective Volume - 2.0,218,371.1332
Perspective Volume - 2.0,219,371.5484
Perspective Volume - 2.0,220,372.6110
Perspective Volume - 2.0,221,371.4615
Perspective Volume - 2.0,222,372.7696
Perspective Volume - 2.0,223,370.2414
Perspective Volume - 2.0,224,372.4424
Perspective Volume - 2.0,225,371.1411
Perspective Volume - 2.0,226,371.8745
Perspective Volume - 2.0,227,369.9711
Perspective Volume - 2.0,228,371.7702
Perspective Volume - 2.0,229,370.6387
Perspective Volume - 2.0,230,372.1280
Perspective Volume - 2.0,231,370.6773
Perspective Volume - 2.0,232,370.4206
Perspective Volume - 2.0,233,370.8900
Perspective Volume - 2.0,234,372.3716
Perspective Volume - 2.0,235,372.7747
Perspective Volume - 2.0,236,388.6707
Perspective Volume - 2.0,237,382.6414
Perspective Volume - 2.0,238,372.2153
Perspective Volume - 2.0,239,371.5721
Perspective Volume - 2.0,240,370.2104
Perspective Volume - 2.0,241,373.0712
Perspective Volume - 2.0,242,372.0474
Perspective Volume - 2.0,243,368.8262
Perspective Volume - 2.0,244,372.7917
Perspective Volume - 2.0,245,370.2226
Perspective Volume - 2.0,246,370.4806
Perspective Volume - 2.0,247,371.1517
Perspective Volume - 2.0,248,370.5500
Perspective Volume - 2.0,249,372.5377
Perspective Volume - 2.0,250,370.2047
Perspective Volume - 2.0,251,371.2186
Perspective Volume - 2.0,252,372.7198
Perspective Volume - 2.0,253,370.0985
Perspective Volume - 2.0,254,371.5943
Perspective Volume - 2.0,255,370.3757
Perspective Volume - 2.0,256,370.6349
Perspective Volume - 2.0,257,371.2424
Perspective Volume - 2.0,258,370.7190
Perspective Volume - 2.0,259,372.3896
Perspective Volume - 2.0,260,372.2936
Perspective Volume - 2.0,261,370.5335
Perspective Volume - 2.0,262,372.5268
Perspective Volume - 2.0,263,372.1514
Perspective Volume - 2.0,264,372.8483
Perspective Volume - 2.0,265,369.8978
Perspective Volume - 2.0,266,370.9253
Perspective Volume - 2.0,267,370.4262
Perspective Volume - 2.0,268,372.8169
Perspective Volume - 2.0,269,369.2509
Perspective Volume - 2.0,270,371.7320
Perspective Volume - 2.0,271,369.4767
Perspective Volume - 2.0,272,373.4440
Perspective Volume - 2.0,273,370.4502
Perspective Volume - 2.0,274,371.5228
Perspective Volume - 2.0,275,368.7964
Perspective Volume - 2.0,276,369.3246
Perspective Volume - 2.0,277,370.7183
Perspective Volume - 2.0,278,370.7722
Perspective Volume - 2.0,279,371.2369
Perspective Volume - 2.0,280,369.1981
Perspective Volume - 2.0,281,370.9835
Perspective Volume - 2.0,282,371.3363
Perspective Volume - 2.0,283,370.8345
Perspective Volume - 2.0,284,370.7013
Perspective Volume - 2.0,285,371.0888
Perspective Volume - 2.0,286,370.7481
Perspective Volume - 2.0,287,369.3245
Perspective Volume - 2.0,288,370.7904
Perspective Volume - 2.0,289,370.6876
Perspective Volume - 2.0,290,372.0125
Perspective Volume - 2.0,291,370.4127
Perspective Volume - 2.0,292,371.9380
Perspective Volume - 2.0,293,370.0195
Perspective Volume - 2.0,294,369.4638
Perspective Volume - 2.0,295,371.0685
Perspective Volume - 2.0,296,372.4270
Perspective Volume - 2.0,297,372.2579
Perspective Volume - 2.0,298,371.7136
Perspective Volume - 2.0,299,373.8210
Perspective Volume - 2.0,300,372.2677
